MongoClusterType,CloudProvider,RAM,CPUs,datavolume,shardingtype,indextype,querytype,responsetime,usagecost,df_name,Unnamed: 0,pricePerHr,pricePerS,Iops,Memory
flights-m200,Azure,256,64,100K,0,0,RowInsert,0.2246904373168945,0.0020503002405166627,,,32.85,0.009125000000000001,1100,256
flights-m200,Azure,256,64,100K,0,1,RowInsert,0.218214750289917,0.0019912095963954927,,,32.85,0.009125000000000001,1100,256
flights-m200,Azure,256,64,100K,1,1,RowInsert,0.2691450119018554,0.002455948233604431,,,32.85,0.009125000000000001,1100,256
flights-m200,Azure,256,64,1M,0,0,RowInsert,0.2626042366027832,0.002396263659000397,,,32.85,0.009125000000000001,1100,256
flights-m200,Azure,256,64,1M,0,1,RowInsert,0.1873459815979004,0.0017095320820808412,,,32.85,0.009125000000000001,1100,256
flights-m200,Azure,256,64,1M,1,1,RowInsert,0.217043399810791,0.001980521023273468,,,32.85,0.009125000000000001,1100,256
flights-m200,Azure,256,64,10M,0,0,RowInsert,0.2717151641845703,0.0024794008731842043,,,32.85,0.009125000000000001,1100,256
flights-m200,Azure,256,64,10M,0,1,RowInsert,0.211404800415039,0.0019290688037872311,,,32.85,0.009125000000000001,1100,256
flights-m200,Azure,256,64,10M,1,1,RowInsert,0.2912981510162353,0.0026580956280231475,,,32.85,0.009125000000000001,1100,256
flights-m200,Azure,256,64,20M,0,0,RowInsert,0.2158455848693847,0.001969590961933136,,,32.85,0.009125000000000001,1100,256
flights-m200,Azure,256,64,20M,0,1,RowInsert,0.2291884422302246,0.0020913445353508,,,32.85,0.009125000000000001,1100,256
flights-m200,Azure,256,64,50M,0,0,RowInsert,0.2360191345214843,0.0021536746025085443,,,32.85,0.009125000000000001,1100,256
flights-m200,Azure,256,64,50M,0,1,RowInsert,0.21278977394104,0.0019417066872119903,,,32.85,0.009125000000000001,1100,256
flights-m200,Azure,256,64,100M,0,0,RowInsert,0.1963982582092285,0.0017921341061592102,,,32.85,0.009125000000000001,1100,256
flights-m200,Azure,256,64,100M,0,1,RowInsert,0.2117033004760742,0.0019317926168441772,,,32.85,0.009125000000000001,1100,256
flights-m50,Azure,32,8,100K,0,0,RowInsert,0.2292795181274414,0.00037194232940673827,,,5.84,0.0016222222222222222,500,32
flights-m50,Azure,32,8,100K,0,1,RowInsert,0.2449691295623779,0.0003973943657345241,,,5.84,0.0016222222222222222,500,32
flights-m50,Azure,32,8,100K,1,1,RowInsert,0.2034945487976074,0.00033011337916056307,,,5.84,0.0016222222222222222,500,32
flights-m50,Azure,32,8,1M,0,0,RowInsert,0.265141487121582,0.0004301184124416774,,,5.84,0.0016222222222222222,500,32
flights-m50,Azure,32,8,1M,0,1,RowInsert,0.197322130203247,0.000320100344551934,,,5.84,0.0016222222222222222,500,32
flights-m50,Azure,32,8,1M,1,1,RowInsert,0.288257360458374,0.0004676174958546956,,,5.84,0.0016222222222222222,500,32
flights-m50,Azure,32,8,10M,0,0,RowInsert,0.1859750747680664,0.0003016928990681966,,,5.84,0.0016222222222222222,500,32
flights-m50,Azure,32,8,10M,0,1,RowInsert,0.2355134487152099,0.0003820551501380072,,,5.84,0.0016222222222222222,500,32
flights-m50,Azure,32,8,10M,1,1,RowInsert,0.2792947292327881,0.0004530781163109673,,,5.84,0.0016222222222222222,500,32
flights-m50,Azure,32,8,20M,0,0,RowInsert,0.2202723026275634,0.00035733062426249174,,,5.84,0.0016222222222222222,500,32
flights-m50,Azure,32,8,20M,0,1,RowInsert,0.2408537864685058,0.00039071836471557607,,,5.84,0.0016222222222222222,500,32
flights-m50,Azure,32,8,50M,0,0,RowInsert,0.2625675201416015,0.00042594286600748687,,,5.84,0.0016222222222222222,500,32
flights-m50,Azure,32,8,50M,0,1,RowInsert,0.2506666183471679,0.00040663695865207237,,,5.84,0.0016222222222222222,500,32
flights-m50,Azure,32,8,100M,0,0,RowInsert,0.2373230457305908,0.00038499071862962503,,,5.84,0.0016222222222222222,500,32
flights-m50,Azure,32,8,100M,0,1,RowInsert,0.2426848411560058,0.00039368874231974273,,,5.84,0.0016222222222222222,500,32
flights-m80,Azure,128,32,100K,0,0,RowInsert,0.1756672859191894,0.0009627543197737796,,,19.73,0.005480555555555555,1100,256
flights-m80,Azure,128,32,100K,0,1,RowInsert,0.2446022033691406,0.0013405559645758734,,,19.73,0.005480555555555555,1100,256
flights-m80,Azure,128,32,100K,1,1,RowInsert,0.2413368225097656,0.001322659863366021,,,19.73,0.005480555555555555,1100,256
flights-m80,Azure,128,32,1M,0,0,RowInsert,0.2145023345947265,0.001175591961542765,,,19.73,0.005480555555555555,1100,256
flights-m80,Azure,128,32,1M,0,1,RowInsert,0.2320113182067871,0.001271550918949975,,,19.73,0.005480555555555555,1100,256
flights-m80,Azure,128,32,1M,1,1,RowInsert,0.2768652439117431,0.0015173753506607477,,,19.73,0.005480555555555555,1100,256
flights-m80,Azure,128,32,10M,0,0,RowInsert,0.2386448383331298,0.0013079062945312919,,,19.73,0.005480555555555555,1100,256
flights-m80,Azure,128,32,10M,0,1,RowInsert,0.2518017292022705,0.0013800133658779992,,,19.73,0.005480555555555555,1100,256
flights-m80,Azure,128,32,10M,1,1,RowInsert,0.2308778762817382,0.0012653390275107485,,,19.73,0.005480555555555555,1100,256
flights-m80,Azure,128,32,20M,0,0,RowInsert,0.2438879013061523,0.001336641192436218,,,19.73,0.005480555555555555,1100,256
flights-m80,Azure,128,32,20M,0,1,RowInsert,0.210716962814331,0.001154846021201875,,,19.73,0.005480555555555555,1100,256
flights-m80,Azure,128,32,50M,0,0,RowInsert,0.2289924621582031,0.0012550059106614852,,,19.73,0.005480555555555555,1100,256
flights-m80,Azure,128,32,50M,0,1,RowInsert,0.2328927516937255,0.0012763816641436678,,,19.73,0.005480555555555555,1100,256
flights-m80,Azure,128,32,100M,0,0,RowInsert,0.2076189517974853,0.001137867199712329,,,19.73,0.005480555555555555,1100,256
flights-m80,Azure,128,32,100M,0,1,RowInsert,0.2262248992919922,0.0012398381286197239,,,19.73,0.005480555555555555,1100,256
flights-m200,Azure,256,64,1M,0,0,stringSearch_firstName,2.0879175662994385,0.01905224779248238,,0.0,32.85,0.009125000000000001,1100,256
flights-m200,Azure,256,64,1M,0,1,stringSearch_firstName,0.5565745830535889,0.0050787430703639995,,1.0,32.85,0.009125000000000001,1100,256
flights-m200,Azure,256,64,1M,1,1,stringSearch_firstName,0.4318075180053711,0.003940243601799012,,2.0,32.85,0.009125000000000001,1100,256
flights-m200,Azure,256,64,1M,0,0,stringSearch_firstName,2.4809374809265137,0.02263855451345444,,3.0,32.85,0.009125000000000001,1100,256
flights-m200,Azure,256,64,1M,0,1,stringSearch_firstName,1.655815601348877,0.015109317362308505,,4.0,32.85,0.009125000000000001,1100,256
flights-m200,Azure,256,64,1M,1,1,stringSearch_firstName,1.4202425479888916,0.012959713250398637,,5.0,32.85,0.009125000000000001,1100,256
flights-m200,Azure,256,64,1M,0,0,stringSearch_firstName,1.9761404991149905,0.01803228205442429,,6.0,32.85,0.009125000000000001,1100,256
flights-m200,Azure,256,64,1M,0,1,stringSearch_firstName,1.552290439605713,0.014164650261402132,,7.0,32.85,0.009125000000000001,1100,256
flights-m200,Azure,256,64,1M,1,1,stringSearch_firstName,1.248077392578125,0.011388706207275391,,8.0,32.85,0.009125000000000001,1100,256
flights-m200,Azure,256,64,1M,0,0,stringSearch_firstName,1.7990105152130127,0.016415970951318744,,9.0,32.85,0.009125000000000001,1100,256
flights-m200,Azure,256,64,1M,0,1,stringSearch_firstName,1.4234657287597656,0.012989124774932862,,10.0,32.85,0.009125000000000001,1100,256
flights-m200,Azure,256,64,1M,1,1,stringSearch_firstName,1.2735066413879397,0.011620748102664951,,11.0,32.85,0.009125000000000001,1100,256
flights-m200,Azure,256,64,1M,0,0,stringSearch_firstName,1.8721964359283447,0.01708379247784615,,12.0,32.85,0.009125000000000001,1100,256
flights-m200,Azure,256,64,1M,0,1,stringSearch_firstName,1.5178956985473633,0.013850798249244692,,13.0,32.85,0.009125000000000001,1100,256
flights-m200,Azure,256,64,1M,1,1,stringSearch_firstName,1.529097557067871,0.013953015208244325,,14.0,32.85,0.009125000000000001,1100,256
flights-m200,Azure,256,64,10M,0,0,stringSearch_firstName,13.75202751159668,0.12548725104331973,,15.0,32.85,0.009125000000000001,1100,256
flights-m200,Azure,256,64,10M,0,1,stringSearch_firstName,7.2116382122039795,0.06580619868636133,,16.0,32.85,0.009125000000000001,1100,256
flights-m200,Azure,256,64,10M,1,1,stringSearch_firstName,1.5020053386688232,0.013705798715353015,,17.0,32.85,0.009125000000000001,1100,256
flights-m200,Azure,256,64,10M,0,0,stringSearch_firstName,15.335865020751951,0.13993976831436158,,18.0,32.85,0.009125000000000001,1100,256
flights-m200,Azure,256,64,10M,0,1,stringSearch_firstName,8.216007232666016,0.0749710659980774,,19.0,32.85,0.009125000000000001,1100,256
flights-m200,Azure,256,64,10M,1,1,stringSearch_firstName,1.4473857879638672,0.01320739531517029,,20.0,32.85,0.009125000000000001,1100,256
flights-m200,Azure,256,64,10M,0,0,stringSearch_firstName,14.919386863708496,0.13613940513134004,,21.0,32.85,0.009125000000000001,1100,256
flights-m200,Azure,256,64,10M,0,1,stringSearch_firstName,8.237697124481201,0.07516898626089097,,22.0,32.85,0.009125000000000001,1100,256
flights-m200,Azure,256,64,10M,1,1,stringSearch_firstName,1.3683180809020996,0.01248590248823166,,23.0,32.85,0.009125000000000001,1100,256
flights-m200,Azure,256,64,10M,0,0,stringSearch_firstName,14.644891262054443,0.13363463276624682,,24.0,32.85,0.009125000000000001,1100,256
flights-m200,Azure,256,64,10M,0,1,stringSearch_firstName,7.7110114097595215,0.07036297911405565,,25.0,32.85,0.009125000000000001,1100,256
flights-m200,Azure,256,64,10M,1,1,stringSearch_firstName,1.5632669925689695,0.014264811307191849,,26.0,32.85,0.009125000000000001,1100,256
flights-m200,Azure,256,64,10M,0,0,stringSearch_firstName,14.81280779838562,0.1351668711602688,,27.0,32.85,0.009125000000000001,1100,256
flights-m200,Azure,256,64,10M,0,1,stringSearch_firstName,8.698095321655273,0.07937011981010438,,28.0,32.85,0.009125000000000001,1100,256
flights-m200,Azure,256,64,10M,1,1,stringSearch_firstName,1.6136970520019531,0.014724985599517824,,29.0,32.85,0.009125000000000001,1100,256
flights-m200,Azure,256,64,20M,0,0,stringSearch_firstName,30.874738693237305,0.28173199057579046,,30.0,32.85,0.009125000000000001,1100,256
flights-m200,Azure,256,64,20M,0,1,stringSearch_firstName,14.533741474151611,0.13262039095163347,,31.0,32.85,0.009125000000000001,1100,256
flights-m200,Azure,256,64,20M,0,0,stringSearch_firstName,31.43999695777893,0.2868899722397328,,32.0,32.85,0.009125000000000001,1100,256
flights-m200,Azure,256,64,20M,0,1,stringSearch_firstName,15.007950067520142,0.1369475443661213,,33.0,32.85,0.009125000000000001,1100,256
flights-m200,Azure,256,64,20M,0,0,stringSearch_firstName,32.903539419174194,0.30024479719996455,,34.0,32.85,0.009125000000000001,1100,256
flights-m200,Azure,256,64,20M,0,1,stringSearch_firstName,15.912479639053345,0.1452013767063618,,35.0,32.85,0.009125000000000001,1100,256
flights-m200,Azure,256,64,20M,0,0,stringSearch_firstName,33.04638934135437,0.30154830273985866,,36.0,32.85,0.009125000000000001,1100,256
flights-m200,Azure,256,64,20M,0,1,stringSearch_firstName,15.79207706451416,0.14410270321369173,,37.0,32.85,0.009125000000000001,1100,256
flights-m200,Azure,256,64,20M,0,0,stringSearch_firstName,32.88966202735901,0.300118165999651,,38.0,32.85,0.009125000000000001,1100,256
flights-m200,Azure,256,64,20M,0,1,stringSearch_firstName,15.617737770080566,0.1425118571519852,,39.0,32.85,0.009125000000000001,1100,256
flights-m200,Azure,256,64,50M,0,0,stringSearch_firstName,70.49529552459717,0.6432695716619492,,40.0,32.85,0.009125000000000001,1100,256
flights-m200,Azure,256,64,50M,0,1,stringSearch_firstName,36.62288308143616,0.334183808118105,,41.0,32.85,0.009125000000000001,1100,256
flights-m200,Azure,256,64,50M,0,0,stringSearch_firstName,69.16275572776794,0.6311101460158826,,42.0,32.85,0.009125000000000001,1100,256
flights-m200,Azure,256,64,50M,0,1,stringSearch_firstName,35.72386908531189,0.32598030540347106,,43.0,32.85,0.009125000000000001,1100,256
flights-m200,Azure,256,64,50M,0,0,stringSearch_firstName,70.08689904212952,0.6395429537594319,,44.0,32.85,0.009125000000000001,1100,256
flights-m200,Azure,256,64,50M,0,1,stringSearch_firstName,35.917394161224365,0.32774622172117235,,45.0,32.85,0.009125000000000001,1100,256
flights-m200,Azure,256,64,50M,0,0,stringSearch_firstName,69.5194730758667,0.6343651918172837,,46.0,32.85,0.009125000000000001,1100,256
flights-m200,Azure,256,64,50M,0,1,stringSearch_firstName,36.10161995887756,0.3294272821247578,,47.0,32.85,0.009125000000000001,1100,256
flights-m200,Azure,256,64,50M,0,0,stringSearch_firstName,69.81330585479736,0.637046415925026,,48.0,32.85,0.009125000000000001,1100,256
flights-m200,Azure,256,64,50M,0,1,stringSearch_firstName,35.356581687927246,0.32262880790233617,,49.0,32.85,0.009125000000000001,1100,256
flights-m200,Azure,256,64,100M,0,0,stringSearch_firstName,150.14151740074158,1.370041346281767,,50.0,32.85,0.009125000000000001,1100,256
flights-m200,Azure,256,64,100M,0,1,stringSearch_firstName,79.93396973609924,0.7293974738419057,,51.0,32.85,0.009125000000000001,1100,256
flights-m200,Azure,256,64,100M,0,0,stringSearch_firstName,150.59935092926025,1.3742190772295,,52.0,32.85,0.009125000000000001,1100,256
flights-m200,Azure,256,64,100M,0,1,stringSearch_firstName,73.28998374938965,0.6687711017131807,,53.0,32.85,0.009125000000000001,1100,256
flights-m200,Azure,256,64,100M,0,0,stringSearch_firstName,148.79652667045593,1.3577683058679106,,54.0,32.85,0.009125000000000001,1100,256
flights-m200,Azure,256,64,100M,0,1,stringSearch_firstName,73.7482533454895,0.6729528117775918,,55.0,32.85,0.009125000000000001,1100,256
flights-m200,Azure,256,64,100M,0,0,stringSearch_firstName,148.35799479484558,1.353766702502966,,56.0,32.85,0.009125000000000001,1100,256
flights-m200,Azure,256,64,100M,0,1,stringSearch_firstName,72.01431179046631,0.6571305950880052,,57.0,32.85,0.009125000000000001,1100,256
flights-m200,Azure,256,64,100M,0,0,stringSearch_firstName,145.37723064422607,1.326567229628563,,58.0,32.85,0.009125000000000001,1100,256
flights-m200,Azure,256,64,100M,0,1,stringSearch_firstName,70.37820148468018,0.6422010885477066,,59.0,32.85,0.009125000000000001,1100,256
flights-m50,Azure,32,8,1M,0,0,stringSearch_firstName,0.8905627727508545,0.001444690720240275,,60.0,5.84,0.0016222222222222222,500,32
flights-m50,Azure,32,8,1M,0,1,stringSearch_firstName,0.5182709693908691,0.000840750683678521,,61.0,5.84,0.0016222222222222222,500,32
flights-m50,Azure,32,8,1M,1,1,stringSearch_firstName,0.3862526416778564,0.0006265876187218559,,62.0,5.84,0.0016222222222222222,500,32
flights-m50,Azure,32,8,1M,0,0,stringSearch_firstName,1.3692362308502195,0.0022212054411570228,,63.0,5.84,0.0016222222222222222,500,32
flights-m50,Azure,32,8,1M,0,1,stringSearch_firstName,0.4804842472076416,0.000779452223247952,,64.0,5.84,0.0016222222222222222,500,32
flights-m50,Azure,32,8,1M,1,1,stringSearch_firstName,0.4230942726135254,0.0006863529311286078,,65.0,5.84,0.0016222222222222222,500,32
flights-m50,Azure,32,8,1M,0,0,stringSearch_firstName,1.4223666191101074,0.0023073947376675073,,66.0,5.84,0.0016222222222222222,500,32
flights-m50,Azure,32,8,1M,0,1,stringSearch_firstName,0.4961376190185547,0.000804845470852322,,67.0,5.84,0.0016222222222222222,500,32
flights-m50,Azure,32,8,1M,1,1,stringSearch_firstName,0.5020284652709961,0.000814401732550727,,68.0,5.84,0.0016222222222222222,500,32
flights-m50,Azure,32,8,1M,0,0,stringSearch_firstName,1.0071885585784912,0.0016338836616939967,,69.0,5.84,0.0016222222222222222,500,32
flights-m50,Azure,32,8,1M,0,1,stringSearch_firstName,0.5023105144500732,0.0008148592789967854,,70.0,5.84,0.0016222222222222222,500,32
flights-m50,Azure,32,8,1M,1,1,stringSearch_firstName,0.3667693138122558,0.0005949813312954372,,71.0,5.84,0.0016222222222222222,500,32
flights-m50,Azure,32,8,1M,0,0,stringSearch_firstName,0.858189582824707,0.001392174212137858,,72.0,5.84,0.0016222222222222222,500,32
flights-m50,Azure,32,8,1M,0,1,stringSearch_firstName,0.474416971206665,0.0007696097532908121,,73.0,5.84,0.0016222222222222222,500,32
flights-m50,Azure,32,8,1M,1,1,stringSearch_firstName,0.3923695087432861,0.0006365105364057751,,74.0,5.84,0.0016222222222222222,500,32
flights-m50,Azure,32,8,10M,0,0,stringSearch_firstName,11.452633380889893,0.018578716373443604,,75.0,5.84,0.0016222222222222222,500,32
flights-m50,Azure,32,8,10M,0,1,stringSearch_firstName,5.806351900100708,0.009419193082385592,,76.0,5.84,0.0016222222222222222,500,32
flights-m50,Azure,32,8,10M,1,1,stringSearch_firstName,0.5047879219055176,0.0008188781844245063,,77.0,5.84,0.0016222222222222222,500,32
flights-m50,Azure,32,8,10M,0,0,stringSearch_firstName,11.477076053619385,0.018618367820315892,,78.0,5.84,0.0016222222222222222,500,32
flights-m50,Azure,32,8,10M,0,1,stringSearch_firstName,5.8628926277160645,0.009510914707183838,,79.0,5.84,0.0016222222222222222,500,32
flights-m50,Azure,32,8,10M,1,1,stringSearch_firstName,0.4907772541046142,0.0007961497677697074,,80.0,5.84,0.0016222222222222222,500,32
flights-m50,Azure,32,8,10M,0,0,stringSearch_firstName,11.514853954315186,0.018679651970333524,,81.0,5.84,0.0016222222222222222,500,32
flights-m50,Azure,32,8,10M,0,1,stringSearch_firstName,5.687822103500366,0.009226911412345037,,82.0,5.84,0.0016222222222222222,500,32
flights-m50,Azure,32,8,10M,1,1,stringSearch_firstName,0.4478130340576172,0.0007264522552490235,,83.0,5.84,0.0016222222222222222,500,32
flights-m50,Azure,32,8,10M,0,0,stringSearch_firstName,11.389411211013794,0.01847615596453349,,84.0,5.84,0.0016222222222222222,500,32
flights-m50,Azure,32,8,10M,0,1,stringSearch_firstName,5.415860891342163,0.008785729890399508,,85.0,5.84,0.0016222222222222222,500,32
flights-m50,Azure,32,8,10M,1,1,stringSearch_firstName,0.4975109100341797,0.000807073254055447,,86.0,5.84,0.0016222222222222222,500,32
flights-m50,Azure,32,8,10M,0,0,stringSearch_firstName,11.47432017326355,0.01861389716996087,,87.0,5.84,0.0016222222222222222,500,32
flights-m50,Azure,32,8,10M,0,1,stringSearch_firstName,5.446781396865845,0.00883588982158237,,88.0,5.84,0.0016222222222222222,500,32
flights-m50,Azure,32,8,10M,1,1,stringSearch_firstName,0.5268073081970215,0.0008545985221862793,,89.0,5.84,0.0016222222222222222,500,32
flights-m50,Azure,32,8,20M,0,0,stringSearch_firstName,24.61075711250305,0.03992411709361606,,90.0,5.84,0.0016222222222222222,500,32
flights-m50,Azure,32,8,20M,0,1,stringSearch_firstName,11.674972534179688,0.018939399888780382,,91.0,5.84,0.0016222222222222222,500,32
flights-m50,Azure,32,8,20M,0,0,stringSearch_firstName,23.62759613990784,0.038329211515850496,,92.0,5.84,0.0016222222222222222,500,32
flights-m50,Azure,32,8,20M,0,1,stringSearch_firstName,11.312334060668944,0.018351119698418506,,93.0,5.84,0.0016222222222222222,500,32
flights-m50,Azure,32,8,20M,0,0,stringSearch_firstName,23.445063829422,0.0380331035455068,,94.0,5.84,0.0016222222222222222,500,32
flights-m50,Azure,32,8,20M,0,1,stringSearch_firstName,11.15701460838318,0.01809915703137716,,95.0,5.84,0.0016222222222222222,500,32
flights-m50,Azure,32,8,20M,0,0,stringSearch_firstName,23.26524519920349,0.037741397767596774,,96.0,5.84,0.0016222222222222222,500,32
flights-m50,Azure,32,8,20M,0,1,stringSearch_firstName,10.770800352096558,0.01747263168228997,,97.0,5.84,0.0016222222222222222,500,32
flights-m50,Azure,32,8,20M,0,0,stringSearch_firstName,23.057652950286865,0.03740463700824313,,98.0,5.84,0.0016222222222222222,500,32
flights-m50,Azure,32,8,20M,0,1,stringSearch_firstName,10.87507939338684,0.017641795460383098,,99.0,5.84,0.0016222222222222222,500,32
flights-m50,Azure,32,8,50M,0,0,stringSearch_firstName,68.79956245422363,0.11160817909240722,,100.0,5.84,0.0016222222222222222,500,32
flights-m50,Azure,32,8,50M,0,1,stringSearch_firstName,33.81445574760437,0.054854561546113755,,101.0,5.84,0.0016222222222222222,500,32
flights-m50,Azure,32,8,50M,0,0,stringSearch_firstName,74.51201248168945,0.12087504247029622,,102.0,5.84,0.0016222222222222222,500,32
flights-m50,Azure,32,8,50M,0,1,stringSearch_firstName,33.10412573814392,0.05370224841965569,,103.0,5.84,0.0016222222222222222,500,32
flights-m50,Azure,32,8,50M,0,0,stringSearch_firstName,67.39193177223206,0.10932468931939866,,104.0,5.84,0.0016222222222222222,500,32
flights-m50,Azure,32,8,50M,0,1,stringSearch_firstName,34.06389832496643,0.05525921283827887,,105.0,5.84,0.0016222222222222222,500,32
flights-m50,Azure,32,8,50M,0,0,stringSearch_firstName,66.46981024742126,0.10782880329026116,,106.0,5.84,0.0016222222222222222,500,32
flights-m50,Azure,32,8,50M,0,1,stringSearch_firstName,32.998024463653564,0.05353012857437134,,107.0,5.84,0.0016222222222222222,500,32
flights-m50,Azure,32,8,50M,0,0,stringSearch_firstName,66.53683876991272,0.10793753844896951,,108.0,5.84,0.0016222222222222222,500,32
flights-m50,Azure,32,8,50M,0,1,stringSearch_firstName,32.98415446281433,0.05350762835078769,,109.0,5.84,0.0016222222222222222,500,32
flights-m50,Azure,32,8,100M,0,0,stringSearch_firstName,164.01847672462463,0.2660744177977244,,110.0,5.84,0.0016222222222222222,500,32
flights-m50,Azure,32,8,100M,0,1,stringSearch_firstName,85.67175126075745,0.1389786187118954,,111.0,5.84,0.0016222222222222222,500,32
flights-m50,Azure,32,8,100M,0,0,stringSearch_firstName,154.4660665988922,0.2505782858159807,,112.0,5.84,0.0016222222222222222,500,32
flights-m50,Azure,32,8,100M,0,1,stringSearch_firstName,77.2200608253479,0.12526809867223104,,113.0,5.84,0.0016222222222222222,500,32
flights-m50,Azure,32,8,100M,0,0,stringSearch_firstName,157.22959089279175,0.25506133633719547,,114.0,5.84,0.0016222222222222222,500,32
flights-m50,Azure,32,8,100M,0,1,stringSearch_firstName,77.64926958084106,0.12596437065336438,,115.0,5.84,0.0016222222222222222,500,32
flights-m50,Azure,32,8,100M,0,0,stringSearch_firstName,157.28005576133728,0.2551432015683916,,116.0,5.84,0.0016222222222222222,500,32
flights-m50,Azure,32,8,100M,0,1,stringSearch_firstName,79.23566579818726,0.12853785785039265,,117.0,5.84,0.0016222222222222222,500,32
flights-m50,Azure,32,8,100M,0,0,stringSearch_firstName,155.45804619789124,0.252187497165468,,118.0,5.84,0.0016222222222222222,500,32
flights-m50,Azure,32,8,100M,0,1,stringSearch_firstName,81.17076802253723,0.13167702368100484,,119.0,5.84,0.0016222222222222222,500,32
flights-m80,Azure,128,32,1M,0,0,stringSearch_firstName,2.1270620822906494,0.011657481912109587,,120.0,19.73,0.005480555555555555,1100,256
flights-m80,Azure,128,32,1M,0,1,stringSearch_firstName,1.1971371173858645,0.006560976479450862,,121.0,19.73,0.005480555555555555,1100,256
flights-m80,Azure,128,32,1M,1,1,stringSearch_firstName,1.1212303638458252,0.006144965299632814,,122.0,19.73,0.005480555555555555,1100,256
flights-m80,Azure,128,32,1M,0,0,stringSearch_firstName,1.408632755279541,0.007720090072684817,,123.0,19.73,0.005480555555555555,1100,256
flights-m80,Azure,128,32,1M,0,1,stringSearch_firstName,1.2084786891937256,0.006623134593831168,,124.0,19.73,0.005480555555555555,1100,256
flights-m80,Azure,128,32,1M,1,1,stringSearch_firstName,1.1603281497955322,0.0063592428876294025,,125.0,19.73,0.005480555555555555,1100,256
flights-m80,Azure,128,32,1M,0,0,stringSearch_firstName,1.551421880722046,0.008502653807401657,,126.0,19.73,0.005480555555555555,1100,256
flights-m80,Azure,128,32,1M,0,1,stringSearch_firstName,1.2225160598754885,0.006700067183706497,,127.0,19.73,0.005480555555555555,1100,256
flights-m80,Azure,128,32,1M,1,1,stringSearch_firstName,1.106036901473999,0.006061696685022778,,128.0,19.73,0.005480555555555555,1100,256
flights-m80,Azure,128,32,1M,0,0,stringSearch_firstName,1.5445683002471924,0.008465092378854752,,129.0,19.73,0.005480555555555555,1100,256
flights-m80,Azure,128,32,1M,0,1,stringSearch_firstName,1.1786203384399414,0.006459494243727789,,130.0,19.73,0.005480555555555555,1100,256
flights-m80,Azure,128,32,1M,1,1,stringSearch_firstName,1.1490707397460938,0.006297546026441786,,131.0,19.73,0.005480555555555555,1100,256
flights-m80,Azure,128,32,1M,0,0,stringSearch_firstName,1.5656795501708984,0.008580793756908841,,132.0,19.73,0.005480555555555555,1100,256
flights-m80,Azure,128,32,1M,0,1,stringSearch_firstName,1.1121294498443604,0.006095087234841453,,133.0,19.73,0.005480555555555555,1100,256
flights-m80,Azure,128,32,1M,1,1,stringSearch_firstName,1.1271896362304688,0.006177625423007541,,134.0,19.73,0.005480555555555555,1100,256
flights-m80,Azure,128,32,10M,0,0,stringSearch_firstName,11.850200414657593,0.06494568171699841,,135.0,19.73,0.005480555555555555,1100,256
flights-m80,Azure,128,32,10M,0,1,stringSearch_firstName,6.365541696548462,0.034886704909139206,,136.0,19.73,0.005480555555555555,1100,256
flights-m80,Azure,128,32,10M,1,1,stringSearch_firstName,1.1409220695495603,0.006252886786725784,,137.0,19.73,0.005480555555555555,1100,256
flights-m80,Azure,128,32,10M,0,0,stringSearch_firstName,11.86026406288147,0.06500083610018094,,138.0,19.73,0.005480555555555555,1100,256
flights-m80,Azure,128,32,10M,0,1,stringSearch_firstName,6.36788821220398,0.03489956511855126,,139.0,19.73,0.005480555555555555,1100,256
flights-m80,Azure,128,32,10M,1,1,stringSearch_firstName,1.163783073425293,0.006378177788522508,,140.0,19.73,0.005480555555555555,1100,256
flights-m80,Azure,128,32,10M,0,0,stringSearch_firstName,11.846960067749023,0.06492792281574673,,141.0,19.73,0.005480555555555555,1100,256
flights-m80,Azure,128,32,10M,0,1,stringSearch_firstName,6.31580376625061,0.03461411341892348,,142.0,19.73,0.005480555555555555,1100,256
flights-m80,Azure,128,32,10M,1,1,stringSearch_firstName,1.1538755893707275,0.006323879271745682,,143.0,19.73,0.005480555555555555,1100,256
flights-m80,Azure,128,32,10M,0,0,stringSearch_firstName,11.80564832687378,0.06470151152478323,,144.0,19.73,0.005480555555555555,1100,256
flights-m80,Azure,128,32,10M,0,1,stringSearch_firstName,6.331336975097656,0.034699244032965766,,145.0,19.73,0.005480555555555555,1100,256
flights-m80,Azure,128,32,10M,1,1,stringSearch_firstName,1.1570320129394531,0.006341178226470947,,146.0,19.73,0.005480555555555555,1100,256
flights-m80,Azure,128,32,10M,0,0,stringSearch_firstName,11.95064115524292,0.06549615277581744,,147.0,19.73,0.005480555555555555,1100,256
flights-m80,Azure,128,32,10M,0,1,stringSearch_firstName,6.565014123916626,0.03597992462913195,,148.0,19.73,0.005480555555555555,1100,256
flights-m80,Azure,128,32,10M,1,1,stringSearch_firstName,1.30023193359375,0.007125993347167969,,149.0,19.73,0.005480555555555555,1100,256
flights-m80,Azure,128,32,20M,0,0,stringSearch_firstName,23.765831232070923,0.13024995839132203,,150.0,19.73,0.005480555555555555,1100,256
flights-m80,Azure,128,32,20M,0,1,stringSearch_firstName,11.679429769515991,0.06400976370904181,,151.0,19.73,0.005480555555555555,1100,256
flights-m80,Azure,128,32,20M,0,0,stringSearch_firstName,24.096518754959103,0.13206230973203975,,152.0,19.73,0.005480555555555555,1100,256
flights-m80,Azure,128,32,20M,0,1,stringSearch_firstName,12.282784461975098,0.06731648262076907,,153.0,19.73,0.005480555555555555,1100,256
flights-m80,Azure,128,32,20M,0,0,stringSearch_firstName,24.10539221763611,0.13211094123721123,,154.0,19.73,0.005480555555555555,1100,256
flights-m80,Azure,128,32,20M,0,1,stringSearch_firstName,11.768972873687744,0.064500509666072,,155.0,19.73,0.005480555555555555,1100,256
flights-m80,Azure,128,32,20M,0,0,stringSearch_firstName,23.765464067459103,0.1302479461252689,,156.0,19.73,0.005480555555555555,1100,256
flights-m80,Azure,128,32,20M,0,1,stringSearch_firstName,11.639965295791626,0.06379347646832466,,157.0,19.73,0.005480555555555555,1100,256
flights-m80,Azure,128,32,20M,0,0,stringSearch_firstName,23.852152347564697,0.1307230460604032,,158.0,19.73,0.005480555555555555,1100,256
flights-m80,Azure,128,32,20M,0,1,stringSearch_firstName,11.707792520523071,0.06416520734164449,,159.0,19.73,0.005480555555555555,1100,256
flights-m80,Azure,128,32,50M,0,0,stringSearch_firstName,52.00896596908569,0.28503802738057243,,160.0,19.73,0.005480555555555555,1100,256
flights-m80,Azure,128,32,50M,0,1,stringSearch_firstName,27.21892762184143,0.14917484499414763,,161.0,19.73,0.005480555555555555,1100,256
flights-m80,Azure,128,32,50M,0,0,stringSearch_firstName,51.53704142570496,0.28245161870254415,,162.0,19.73,0.005480555555555555,1100,256
flights-m80,Azure,128,32,50M,0,1,stringSearch_firstName,27.035627603530884,0.1481702590604623,,163.0,19.73,0.005480555555555555,1100,256
flights-m80,Azure,128,32,50M,0,0,stringSearch_firstName,51.56344175338745,0.2825963071650929,,164.0,19.73,0.005480555555555555,1100,256
flights-m80,Azure,128,32,50M,0,1,stringSearch_firstName,27.39209008216858,0.15012387147810724,,165.0,19.73,0.005480555555555555,1100,256
flights-m80,Azure,128,32,50M,0,0,stringSearch_firstName,52.0803382396698,0.28542918707463477,,166.0,19.73,0.005480555555555555,1100,256
flights-m80,Azure,128,32,50M,0,1,stringSearch_firstName,27.035419464111328,0.14816911834081015,,167.0,19.73,0.005480555555555555,1100,256
flights-m80,Azure,128,32,50M,0,0,stringSearch_firstName,51.33775925636292,0.2813594417022334,,168.0,19.73,0.005480555555555555,1100,256
flights-m80,Azure,128,32,50M,0,1,stringSearch_firstName,26.58574604988098,0.14570465821226436,,169.0,19.73,0.005480555555555555,1100,256
flights-m80,Azure,128,32,100M,0,0,stringSearch_firstName,110.21943140029909,0.6040637170910835,,170.0,19.73,0.005480555555555555,1100,256
flights-m80,Azure,128,32,100M,0,1,stringSearch_firstName,54.37522459030152,0.29800643921295805,,171.0,19.73,0.005480555555555555,1100,256
flights-m80,Azure,128,32,100M,0,0,stringSearch_firstName,110.7074739933014,0.6067384616355102,,172.0,19.73,0.005480555555555555,1100,256
flights-m80,Azure,128,32,100M,0,1,stringSearch_firstName,53.58845114707947,0.29369448364774386,,173.0,19.73,0.005480555555555555,1100,256
flights-m80,Azure,128,32,100M,0,0,stringSearch_firstName,108.70597648620604,0.5957691433535681,,174.0,19.73,0.005480555555555555,1100,256
flights-m80,Azure,128,32,100M,0,1,stringSearch_firstName,53.382543325424194,0.2925659943918387,,175.0,19.73,0.005480555555555555,1100,256
flights-m80,Azure,128,32,100M,0,0,stringSearch_firstName,108.98161602020264,0.5972798011329439,,176.0,19.73,0.005480555555555555,1100,256
flights-m80,Azure,128,32,100M,0,1,stringSearch_firstName,53.04324436187744,0.2907064475721783,,177.0,19.73,0.005480555555555555,1100,256
flights-m80,Azure,128,32,100M,0,0,stringSearch_firstName,109.35266375541688,0.5993133488595487,,178.0,19.73,0.005480555555555555,1100,256
flights-m80,Azure,128,32,100M,0,1,stringSearch_firstName,53.14964461326599,0.29128958006103833,,179.0,19.73,0.005480555555555555,1100,256
flights-m200,Azure,256,64,1M,0,0,stringSearch_last_name,1.9020605087280276,0.017356302142143253,,,32.85,0.009125000000000001,1100,256
flights-m200,Azure,256,64,1M,0,1,stringSearch_last_name,2.1790249347686768,0.019883602529764177,,,32.85,0.009125000000000001,1100,256
flights-m200,Azure,256,64,1M,1,1,stringSearch_last_name,2.0910584926605225,0.01908090874552727,,,32.85,0.009125000000000001,1100,256
flights-m200,Azure,256,64,1M,0,0,stringSearch_last_name,1.590446710586548,0.014512826234102253,,,32.85,0.009125000000000001,1100,256
flights-m200,Azure,256,64,1M,0,1,stringSearch_last_name,2.148742198944092,0.01960727256536484,,,32.85,0.009125000000000001,1100,256
flights-m200,Azure,256,64,1M,1,1,stringSearch_last_name,2.118236303329468,0.0193289062678814,,,32.85,0.009125000000000001,1100,256
flights-m200,Azure,256,64,1M,0,0,stringSearch_last_name,1.3695878982543943,0.01249748957157135,,,32.85,0.009125000000000001,1100,256
flights-m200,Azure,256,64,1M,0,1,stringSearch_last_name,2.53609037399292,0.023141824662685398,,,32.85,0.009125000000000001,1100,256
flights-m200,Azure,256,64,1M,1,1,stringSearch_last_name,2.3559458255767822,0.02149800565838814,,,32.85,0.009125000000000001,1100,256
flights-m200,Azure,256,64,1M,0,0,stringSearch_last_name,1.3993475437164309,0.012769046336412434,,,32.85,0.009125000000000001,1100,256
flights-m200,Azure,256,64,1M,0,1,stringSearch_last_name,1.9897654056549072,0.01815660932660103,,,32.85,0.009125000000000001,1100,256
flights-m200,Azure,256,64,1M,1,1,stringSearch_last_name,2.1181657314300537,0.019328262299299244,,,32.85,0.009125000000000001,1100,256
flights-m200,Azure,256,64,1M,0,0,stringSearch_last_name,1.7191791534423828,0.015687509775161746,,,32.85,0.009125000000000001,1100,256
flights-m200,Azure,256,64,1M,0,1,stringSearch_last_name,2.519286632537842,0.02298849052190781,,,32.85,0.009125000000000001,1100,256
flights-m200,Azure,256,64,1M,1,1,stringSearch_last_name,2.3196797370910645,0.021167077600955965,,,32.85,0.009125000000000001,1100,256
flights-m200,Azure,256,64,10M,0,0,stringSearch_last_name,6.158046007156372,0.0561921698153019,,,32.85,0.009125000000000001,1100,256
flights-m200,Azure,256,64,10M,0,1,stringSearch_last_name,7.116421937942505,0.06493735018372536,,,32.85,0.009125000000000001,1100,256
flights-m200,Azure,256,64,10M,1,1,stringSearch_last_name,9.136828184127808,0.08337355718016626,,,32.85,0.009125000000000001,1100,256
flights-m200,Azure,256,64,10M,0,0,stringSearch_last_name,6.304949760437012,0.05753266656398774,,,32.85,0.009125000000000001,1100,256
flights-m200,Azure,256,64,10M,0,1,stringSearch_last_name,7.050312757492065,0.06433410391211511,,,32.85,0.009125000000000001,1100,256
flights-m200,Azure,256,64,10M,1,1,stringSearch_last_name,9.29967999458313,0.08485957995057107,,,32.85,0.009125000000000001,1100,256
flights-m200,Azure,256,64,10M,0,0,stringSearch_last_name,6.005051612854004,0.05479609596729279,,,32.85,0.009125000000000001,1100,256
flights-m200,Azure,256,64,10M,0,1,stringSearch_last_name,7.27899432182312,0.06642082318663597,,,32.85,0.009125000000000001,1100,256
flights-m200,Azure,256,64,10M,1,1,stringSearch_last_name,8.83153510093689,0.08058775779604913,,,32.85,0.009125000000000001,1100,256
flights-m200,Azure,256,64,10M,0,0,stringSearch_last_name,6.27540135383606,0.05726303735375405,,,32.85,0.009125000000000001,1100,256
flights-m200,Azure,256,64,10M,0,1,stringSearch_last_name,7.428617715835571,0.06778613665699959,,,32.85,0.009125000000000001,1100,256
flights-m200,Azure,256,64,10M,1,1,stringSearch_last_name,8.757134437561035,0.07990885174274445,,,32.85,0.009125000000000001,1100,256
flights-m200,Azure,256,64,10M,0,0,stringSearch_last_name,6.057582855224609,0.055275443553924566,,,32.85,0.009125000000000001,1100,256
flights-m200,Azure,256,64,10M,0,1,stringSearch_last_name,6.9110753536224365,0.06306356260180473,,,32.85,0.009125000000000001,1100,256
flights-m200,Azure,256,64,10M,1,1,stringSearch_last_name,9.167182207107544,0.08365053763985635,,,32.85,0.009125000000000001,1100,256
flights-m200,Azure,256,64,20M,0,0,stringSearch_last_name,11.537915229797363,0.10528347647190095,,,32.85,0.009125000000000001,1100,256
flights-m200,Azure,256,64,20M,0,1,stringSearch_last_name,11.186770915985107,0.10207928460836412,,,32.85,0.009125000000000001,1100,256
flights-m200,Azure,256,64,20M,0,0,stringSearch_last_name,11.045812368392944,0.10079303786158562,,,32.85,0.009125000000000001,1100,256
flights-m200,Azure,256,64,20M,0,1,stringSearch_last_name,10.986499786376951,0.1002518105506897,,,32.85,0.009125000000000001,1100,256
flights-m200,Azure,256,64,20M,0,0,stringSearch_last_name,10.941168069839478,0.09983815863728525,,,32.85,0.009125000000000001,1100,256
flights-m200,Azure,256,64,20M,0,1,stringSearch_last_name,10.91678524017334,0.09961566531658174,,,32.85,0.009125000000000001,1100,256
flights-m200,Azure,256,64,20M,0,0,stringSearch_last_name,10.922079801559448,0.09966397818922998,,,32.85,0.009125000000000001,1100,256
flights-m200,Azure,256,64,20M,0,1,stringSearch_last_name,11.038869380950928,0.10072968310117723,,,32.85,0.009125000000000001,1100,256
flights-m200,Azure,256,64,20M,0,0,stringSearch_last_name,12.802099227905272,0.11681915545463561,,,32.85,0.009125000000000001,1100,256
flights-m200,Azure,256,64,20M,0,1,stringSearch_last_name,12.341229677200316,0.1126137208044529,,,32.85,0.009125000000000001,1100,256
flights-m200,Azure,256,64,50M,0,0,stringSearch_last_name,24.819655418396,0.22647935569286354,,,32.85,0.009125000000000001,1100,256
flights-m200,Azure,256,64,50M,0,1,stringSearch_last_name,23.69972348213196,0.2162599767744542,,,32.85,0.009125000000000001,1100,256
flights-m200,Azure,256,64,50M,0,0,stringSearch_last_name,26.463794231414795,0.24148212236166003,,,32.85,0.009125000000000001,1100,256
flights-m200,Azure,256,64,50M,0,1,stringSearch_last_name,26.33818936347961,0.2403359779417515,,,32.85,0.009125000000000001,1100,256
flights-m200,Azure,256,64,50M,0,0,stringSearch_last_name,23.73176860809326,0.21655238854885103,,,32.85,0.009125000000000001,1100,256
flights-m200,Azure,256,64,50M,0,1,stringSearch_last_name,25.5300395488739,0.2329616108834744,,,32.85,0.009125000000000001,1100,256
flights-m200,Azure,256,64,50M,0,0,stringSearch_last_name,24.23970890045166,0.22118734371662144,,,32.85,0.009125000000000001,1100,256
flights-m200,Azure,256,64,50M,0,1,stringSearch_last_name,23.4317319393158,0.2138145539462567,,,32.85,0.009125000000000001,1100,256
flights-m200,Azure,256,64,50M,0,0,stringSearch_last_name,23.57912015914917,0.2151594714522362,,,32.85,0.009125000000000001,1100,256
flights-m200,Azure,256,64,50M,0,1,stringSearch_last_name,24.23207974433899,0.2211177276670933,,,32.85,0.009125000000000001,1100,256
flights-m200,Azure,256,64,100M,0,0,stringSearch_last_name,50.76182985305786,0.46320169740915307,,,32.85,0.009125000000000001,1100,256
flights-m200,Azure,256,64,100M,0,1,stringSearch_last_name,50.93137693405152,0.4647488145232202,,,32.85,0.009125000000000001,1100,256
flights-m200,Azure,256,64,100M,0,0,stringSearch_last_name,57.34382390975952,0.5232623931765557,,,32.85,0.009125000000000001,1100,256
flights-m200,Azure,256,64,100M,0,1,stringSearch_last_name,51.84547710418701,0.47308997857570656,,,32.85,0.009125000000000001,1100,256
flights-m200,Azure,256,64,100M,0,0,stringSearch_last_name,50.72772669792175,0.46289050611853605,,,32.85,0.009125000000000001,1100,256
flights-m200,Azure,256,64,100M,0,1,stringSearch_last_name,52.33542013168335,0.4775607087016106,,,32.85,0.009125000000000001,1100,256
flights-m200,Azure,256,64,100M,0,0,stringSearch_last_name,51.93834924697876,0.47393743687868123,,,32.85,0.009125000000000001,1100,256
flights-m200,Azure,256,64,100M,0,1,stringSearch_last_name,51.83503842353821,0.4729947256147862,,,32.85,0.009125000000000001,1100,256
flights-m200,Azure,256,64,100M,0,0,stringSearch_last_name,53.11827564239502,0.4847042652368546,,,32.85,0.009125000000000001,1100,256
flights-m200,Azure,256,64,100M,0,1,stringSearch_last_name,55.717549562454224,0.5084226397573949,,,32.85,0.009125000000000001,1100,256
flights-m50,Azure,32,8,1M,0,0,stringSearch_last_name,0.859266996383667,0.0013939220163557264,,,5.84,0.0016222222222222222,500,32
flights-m50,Azure,32,8,1M,0,1,stringSearch_last_name,0.7388687133789062,0.0011986092461480035,,,5.84,0.0016222222222222222,500,32
flights-m50,Azure,32,8,1M,1,1,stringSearch_last_name,1.2936134338378906,0.0020985284593370225,,,5.84,0.0016222222222222222,500,32
flights-m50,Azure,32,8,1M,0,0,stringSearch_last_name,0.8089139461517334,0.0013122381793128119,,,5.84,0.0016222222222222222,500,32
flights-m50,Azure,32,8,1M,0,1,stringSearch_last_name,1.685410499572754,0.0027341103659735784,,,5.84,0.0016222222222222222,500,32
flights-m50,Azure,32,8,1M,1,1,stringSearch_last_name,1.2429659366607666,0.0020163669639163546,,,5.84,0.0016222222222222222,500,32
flights-m50,Azure,32,8,1M,0,0,stringSearch_last_name,0.857466459274292,0.0013910011450449626,,,5.84,0.0016222222222222222,500,32
flights-m50,Azure,32,8,1M,0,1,stringSearch_last_name,0.7623105049133301,0.0012366370413038465,,,5.84,0.0016222222222222222,500,32
flights-m50,Azure,32,8,1M,1,1,stringSearch_last_name,1.3952887058258057,0.0022634683450063068,,,5.84,0.0016222222222222222,500,32
flights-m50,Azure,32,8,1M,0,0,stringSearch_last_name,0.819622278213501,0.001329609473546346,,,5.84,0.0016222222222222222,500,32
flights-m50,Azure,32,8,1M,0,1,stringSearch_last_name,0.8152198791503906,0.001322467803955078,,,5.84,0.0016222222222222222,500,32
flights-m50,Azure,32,8,1M,1,1,stringSearch_last_name,1.2375741004943848,0.0020076202074686684,,,5.84,0.0016222222222222222,500,32
flights-m50,Azure,32,8,1M,0,0,stringSearch_last_name,0.8181517124176025,0.0013272238890329995,,,5.84,0.0016222222222222222,500,32
flights-m50,Azure,32,8,1M,0,1,stringSearch_last_name,0.9508211612701416,0.001542443217171563,,,5.84,0.0016222222222222222,500,32
flights-m50,Azure,32,8,1M,1,1,stringSearch_last_name,1.2338016033172607,0.0020015003787146675,,,5.84,0.0016222222222222222,500,32
flights-m50,Azure,32,8,10M,0,0,stringSearch_last_name,4.938788175582886,0.008011811929278903,,,5.84,0.0016222222222222222,500,32
flights-m50,Azure,32,8,10M,0,1,stringSearch_last_name,5.171866178512573,0.008389916245142619,,,5.84,0.0016222222222222222,500,32
flights-m50,Azure,32,8,10M,1,1,stringSearch_last_name,5.709386110305786,0.009261893023384942,,,5.84,0.0016222222222222222,500,32
flights-m50,Azure,32,8,10M,0,0,stringSearch_last_name,4.828493356704712,0.007832889223098754,,,5.84,0.0016222222222222222,500,32
flights-m50,Azure,32,8,10M,0,1,stringSearch_last_name,4.893977880477905,0.007939119672775267,,,5.84,0.0016222222222222222,500,32
flights-m50,Azure,32,8,10M,1,1,stringSearch_last_name,4.971618413925171,0.00806506987147861,,,5.84,0.0016222222222222222,500,32
flights-m50,Azure,32,8,10M,0,0,stringSearch_last_name,4.828449249267578,0.007832817671034071,,,5.84,0.0016222222222222222,500,32
flights-m50,Azure,32,8,10M,0,1,stringSearch_last_name,4.921412944793701,0.007983625443776449,,,5.84,0.0016222222222222222,500,32
flights-m50,Azure,32,8,10M,1,1,stringSearch_last_name,5.055542230606079,0.008201212951872084,,,5.84,0.0016222222222222222,500,32
flights-m50,Azure,32,8,10M,0,0,stringSearch_last_name,4.91314172744751,0.007970207691192627,,,5.84,0.0016222222222222222,500,32
flights-m50,Azure,32,8,10M,0,1,stringSearch_last_name,4.895781755447388,0.007942045958836873,,,5.84,0.0016222222222222222,500,32
flights-m50,Azure,32,8,10M,1,1,stringSearch_last_name,5.359074115753174,0.008693609121110705,,,5.84,0.0016222222222222222,500,32
flights-m50,Azure,32,8,10M,0,0,stringSearch_last_name,4.783658027648926,0.007760156355963813,,,5.84,0.0016222222222222222,500,32
flights-m50,Azure,32,8,10M,0,1,stringSearch_last_name,4.995312929153442,0.008103507640626695,,,5.84,0.0016222222222222222,500,32
flights-m50,Azure,32,8,10M,1,1,stringSearch_last_name,4.924724817276001,0.007988998036914401,,,5.84,0.0016222222222222222,500,32
flights-m50,Azure,32,8,20M,0,0,stringSearch_last_name,10.51721692085266,0.017061263004938758,,,5.84,0.0016222222222222222,500,32
flights-m50,Azure,32,8,20M,0,1,stringSearch_last_name,9.90703558921814,0.016071413289176092,,,5.84,0.0016222222222222222,500,32
flights-m50,Azure,32,8,20M,0,0,stringSearch_last_name,10.046315908432009,0.016297356918123035,,,5.84,0.0016222222222222222,500,32
flights-m50,Azure,32,8,20M,0,1,stringSearch_last_name,9.616413593292236,0.015599959829118517,,,5.84,0.0016222222222222222,500,32
flights-m50,Azure,32,8,20M,0,0,stringSearch_last_name,9.702101469039915,0.015738964605331418,,,5.84,0.0016222222222222222,500,32
flights-m50,Azure,32,8,20M,0,1,stringSearch_last_name,9.030320405960085,0.014649186436335249,,,5.84,0.0016222222222222222,500,32
flights-m50,Azure,32,8,20M,0,0,stringSearch_last_name,9.719195127487184,0.015766694317923654,,,5.84,0.0016222222222222222,500,32
flights-m50,Azure,32,8,20M,0,1,stringSearch_last_name,8.961882829666138,0.014538165479236179,,,5.84,0.0016222222222222222,500,32
flights-m50,Azure,32,8,20M,0,0,stringSearch_last_name,9.56202220916748,0.015511724917093912,,,5.84,0.0016222222222222222,500,32
flights-m50,Azure,32,8,20M,0,1,stringSearch_last_name,9.109843969345093,0.014778191328048706,,,5.84,0.0016222222222222222,500,32
flights-m50,Azure,32,8,50M,0,0,stringSearch_last_name,29.010835886001587,0.04706202265951368,,,5.84,0.0016222222222222222,500,32
flights-m50,Azure,32,8,50M,0,1,stringSearch_last_name,32.03249502182007,0.05196382525761922,,,5.84,0.0016222222222222222,500,32
flights-m50,Azure,32,8,50M,0,0,stringSearch_last_name,29.461637020111084,0.04779332227706909,,,5.84,0.0016222222222222222,500,32
flights-m50,Azure,32,8,50M,0,1,stringSearch_last_name,31.55232262611389,0.051184878926806975,,,5.84,0.0016222222222222222,500,32
flights-m50,Azure,32,8,50M,0,0,stringSearch_last_name,28.298083543777462,0.04590577997101677,,,5.84,0.0016222222222222222,500,32
flights-m50,Azure,32,8,50M,0,1,stringSearch_last_name,32.3291552066803,0.05244507400194804,,,5.84,0.0016222222222222222,500,32
flights-m50,Azure,32,8,50M,0,0,stringSearch_last_name,28.38098406791687,0.04604026304350959,,,5.84,0.0016222222222222222,500,32
flights-m50,Azure,32,8,50M,0,1,stringSearch_last_name,31.759042024612427,0.05152022372881571,,,5.84,0.0016222222222222222,500,32
flights-m50,Azure,32,8,50M,0,0,stringSearch_last_name,28.616575479507446,0.046422444666756525,,,5.84,0.0016222222222222222,500,32
flights-m50,Azure,32,8,50M,0,1,stringSearch_last_name,32.15226888656616,0.052158125082651774,,,5.84,0.0016222222222222222,500,32
flights-m50,Azure,32,8,100M,0,0,stringSearch_last_name,71.44668364524841,0.11590239791340298,,,5.84,0.0016222222222222222,500,32
flights-m50,Azure,32,8,100M,0,1,stringSearch_last_name,71.64336037635803,0.11622145127720303,,,5.84,0.0016222222222222222,500,32
flights-m50,Azure,32,8,100M,0,0,stringSearch_last_name,66.49929189682007,0.10787662907706366,,,5.84,0.0016222222222222222,500,32
flights-m50,Azure,32,8,100M,0,1,stringSearch_last_name,69.2554292678833,0.11234769636789957,,,5.84,0.0016222222222222222,500,32
flights-m50,Azure,32,8,100M,0,0,stringSearch_last_name,69.61305665969849,0.11292784747017753,,,5.84,0.0016222222222222222,500,32
flights-m50,Azure,32,8,100M,0,1,stringSearch_last_name,72.88274550437927,0.11823200937377082,,,5.84,0.0016222222222222222,500,32
flights-m50,Azure,32,8,100M,0,0,stringSearch_last_name,73.70344972610474,0.11956337400012546,,,5.84,0.0016222222222222222,500,32
flights-m50,Azure,32,8,100M,0,1,stringSearch_last_name,68.01435017585754,0.11033439028528001,,,5.84,0.0016222222222222222,500,32
flights-m50,Azure,32,8,100M,0,0,stringSearch_last_name,65.93432879447937,0.10696013337771097,,,5.84,0.0016222222222222222,500,32
flights-m50,Azure,32,8,100M,0,1,stringSearch_last_name,70.72952461242676,0.11473900659349229,,,5.84,0.0016222222222222222,500,32
flights-m80,Azure,128,32,1M,0,0,stringSearch_last_name,1.5292010307312012,0.008380871204535166,,,19.73,0.005480555555555555,1100,256
flights-m80,Azure,128,32,1M,0,1,stringSearch_last_name,1.5870134830474854,0.008697715561257468,,,19.73,0.005480555555555555,1100,256
flights-m80,Azure,128,32,1M,1,1,stringSearch_last_name,2.0517680644989014,0.011244828864600922,,,19.73,0.005480555555555555,1100,256
flights-m80,Azure,128,32,1M,0,0,stringSearch_last_name,1.4495820999145508,0.007944515230920579,,,19.73,0.005480555555555555,1100,256
flights-m80,Azure,128,32,1M,0,1,stringSearch_last_name,1.557609796524048,0.00853656702372763,,,19.73,0.005480555555555555,1100,256
flights-m80,Azure,128,32,1M,1,1,stringSearch_last_name,2.0114638805389404,0.011023939545287026,,,19.73,0.005480555555555555,1100,256
flights-m80,Azure,128,32,1M,0,0,stringSearch_last_name,1.4920358657836914,0.008177185453308953,,,19.73,0.005480555555555555,1100,256
flights-m80,Azure,128,32,1M,0,1,stringSearch_last_name,1.6105525493621826,0.008826722721921072,,,19.73,0.005480555555555555,1100,256
flights-m80,Azure,128,32,1M,1,1,stringSearch_last_name,2.160661458969116,0.011841625162627961,,,19.73,0.005480555555555555,1100,256
flights-m80,Azure,128,32,1M,0,0,stringSearch_last_name,1.5182271003723145,0.00832072796954049,,,19.73,0.005480555555555555,1100,256
flights-m80,Azure,128,32,1M,0,1,stringSearch_last_name,1.57698655128479,0.008642762404680251,,,19.73,0.005480555555555555,1100,256
flights-m80,Azure,128,32,1M,1,1,stringSearch_last_name,2.0547525882720947,0.011261185712946785,,,19.73,0.005480555555555555,1100,256
flights-m80,Azure,128,32,1M,0,0,stringSearch_last_name,1.590449571609497,0.008716547235515383,,,19.73,0.005480555555555555,1100,256
flights-m80,Azure,128,32,1M,0,1,stringSearch_last_name,1.5568857192993164,0.008532598678270975,,,19.73,0.005480555555555555,1100,256
flights-m80,Azure,128,32,1M,1,1,stringSearch_last_name,2.0578396320343018,0.011278104427787993,,,19.73,0.005480555555555555,1100,256
flights-m80,Azure,128,32,10M,0,0,stringSearch_last_name,5.3842315673828125,0.029508580229017468,,,19.73,0.005480555555555555,1100,256
flights-m80,Azure,128,32,10M,0,1,stringSearch_last_name,5.702514886856079,0.031252949643797344,,,19.73,0.005480555555555555,1100,256
flights-m80,Azure,128,32,10M,1,1,stringSearch_last_name,5.944078207015991,0.032576850840118195,,,19.73,0.005480555555555555,1100,256
flights-m80,Azure,128,32,10M,0,0,stringSearch_last_name,5.275369644165039,0.02891195641093784,,,19.73,0.005480555555555555,1100,256
flights-m80,Azure,128,32,10M,0,1,stringSearch_last_name,5.635545253753662,0.030885918849044375,,,19.73,0.005480555555555555,1100,256
flights-m80,Azure,128,32,10M,1,1,stringSearch_last_name,6.002844333648682,0.03289892186191347,,,19.73,0.005480555555555555,1100,256
flights-m80,Azure,128,32,10M,0,0,stringSearch_last_name,5.272629499435425,0.028896938895516925,,,19.73,0.005480555555555555,1100,256
flights-m80,Azure,128,32,10M,0,1,stringSearch_last_name,5.5991504192352295,0.030686454936530855,,,19.73,0.005480555555555555,1100,256
flights-m80,Azure,128,32,10M,1,1,stringSearch_last_name,6.003086090087891,0.032900246821509466,,,19.73,0.005480555555555555,1100,256
flights-m80,Azure,128,32,10M,0,0,stringSearch_last_name,5.365248203277588,0.029404540847407446,,,19.73,0.005480555555555555,1100,256
flights-m80,Azure,128,32,10M,0,1,stringSearch_last_name,5.742465972900391,0.031471903790367975,,,19.73,0.005480555555555555,1100,256
flights-m80,Azure,128,32,10M,1,1,stringSearch_last_name,5.934143543243408,0.03252240336338679,,,19.73,0.005480555555555555,1100,256
flights-m80,Azure,128,32,10M,0,0,stringSearch_last_name,5.326259136199951,0.029190859099229177,,,19.73,0.005480555555555555,1100,256
flights-m80,Azure,128,32,10M,0,1,stringSearch_last_name,5.620917081832886,0.03080574834015634,,,19.73,0.005480555555555555,1100,256
flights-m80,Azure,128,32,10M,1,1,stringSearch_last_name,6.072149276733398,0.03327875145276388,,,19.73,0.005480555555555555,1100,256
flights-m80,Azure,128,32,20M,0,0,stringSearch_last_name,10.39160680770874,0.056951778421137064,,,19.73,0.005480555555555555,1100,256
flights-m80,Azure,128,32,20M,0,1,stringSearch_last_name,10.70245599746704,0.05865540467500686,,,19.73,0.005480555555555555,1100,256
flights-m80,Azure,128,32,20M,0,0,stringSearch_last_name,10.329643487930298,0.05661218500468466,,,19.73,0.005480555555555555,1100,256
flights-m80,Azure,128,32,20M,0,1,stringSearch_last_name,10.687753677368164,0.05857482779290941,,,19.73,0.005480555555555555,1100,256
flights-m80,Azure,128,32,20M,0,0,stringSearch_last_name,10.21398639678955,0.05597831989129384,,,19.73,0.005480555555555555,1100,256
flights-m80,Azure,128,32,20M,0,1,stringSearch_last_name,10.58755350112915,0.058025675160355034,,,19.73,0.005480555555555555,1100,256
flights-m80,Azure,128,32,20M,0,0,stringSearch_last_name,10.220154762268066,0.056012125960985815,,,19.73,0.005480555555555555,1100,256
flights-m80,Azure,128,32,20M,0,1,stringSearch_last_name,10.30013632774353,0.0564504693739944,,,19.73,0.005480555555555555,1100,256
flights-m80,Azure,128,32,20M,0,0,stringSearch_last_name,10.184720754623411,0.05581792791353331,,,19.73,0.005480555555555555,1100,256
flights-m80,Azure,128,32,20M,0,1,stringSearch_last_name,10.301209926605225,0.0564563532922003,,,19.73,0.005480555555555555,1100,256
flights-m80,Azure,128,32,50M,0,0,stringSearch_last_name,25.660678148269653,0.1406347721848223,,,19.73,0.005480555555555555,1100,256
flights-m80,Azure,128,32,50M,0,1,stringSearch_last_name,22.81816792488098,0.12505623698830604,,,19.73,0.005480555555555555,1100,256
flights-m80,Azure,128,32,50M,0,0,stringSearch_last_name,25.65503478050232,0.140603843394253,,,19.73,0.005480555555555555,1100,256
flights-m80,Azure,128,32,50M,0,1,stringSearch_last_name,22.20707106590271,0.12170708670285013,,,19.73,0.005480555555555555,1100,256
flights-m80,Azure,128,32,50M,0,0,stringSearch_last_name,24.9740571975708,0.13687170791890885,,,19.73,0.005480555555555555,1100,256
flights-m80,Azure,128,32,50M,0,1,stringSearch_last_name,29.24631977081299,0.1602860802994834,,,19.73,0.005480555555555555,1100,256
flights-m80,Azure,128,32,50M,0,0,stringSearch_last_name,25.30905222892761,0.1387076667990949,,,19.73,0.005480555555555555,1100,256
flights-m80,Azure,128,32,50M,0,1,stringSearch_last_name,21.83825278282165,0.11968575761251977,,,19.73,0.005480555555555555,1100,256
flights-m80,Azure,128,32,50M,0,0,stringSearch_last_name,25.430091381073,0.1393710285968251,,,19.73,0.005480555555555555,1100,256
flights-m80,Azure,128,32,50M,0,1,stringSearch_last_name,21.824567556381226,0.11961075496872266,,,19.73,0.005480555555555555,1100,256
flights-m80,Azure,128,32,100M,0,0,stringSearch_last_name,46.33997106552124,0.2539687858674261,,,19.73,0.005480555555555555,1100,256
flights-m80,Azure,128,32,100M,0,1,stringSearch_last_name,51.098474740982056,0.2800480296221044,,,19.73,0.005480555555555555,1100,256
flights-m80,Azure,128,32,100M,0,0,stringSearch_last_name,45.35243177413941,0.24855652191771405,,,19.73,0.005480555555555555,1100,256
flights-m80,Azure,128,32,100M,0,1,stringSearch_last_name,49.279709339141846,0.27008018479479684,,,19.73,0.005480555555555555,1100,256
flights-m80,Azure,128,32,100M,0,0,stringSearch_last_name,44.56804966926575,0.24425767221517034,,,19.73,0.005480555555555555,1100,256
flights-m80,Azure,128,32,100M,0,1,stringSearch_last_name,49.26806902885437,0.27001638942758244,,,19.73,0.005480555555555555,1100,256
flights-m80,Azure,128,32,100M,0,0,stringSearch_last_name,44.07332181930542,0.2415462887485822,,,19.73,0.005480555555555555,1100,256
flights-m80,Azure,128,32,100M,0,1,stringSearch_last_name,48.50051021575928,0.2658097407102585,,,19.73,0.005480555555555555,1100,256
flights-m80,Azure,128,32,100M,0,0,stringSearch_last_name,44.76208066940308,0.245321069890923,,,19.73,0.005480555555555555,1100,256
flights-m80,Azure,128,32,100M,0,1,stringSearch_last_name,47.957639932632446,0.2628345099641217,,,19.73,0.005480555555555555,1100,256
